{
    "version" : 1,
    "emitterLifeTime" : 0.000000,
    "emitterName" : "Shot",
    "emitInterval" : 0.020000,
    "velocityRandomRangeBegin" : {
        "x" : -1.000000,
        "y" : 0.220000,
        "z" : -1.000000
    },
    "startScale" : {
        "x" : 0.300000,
        "y" : 0.300000,
        "z" : 1.000000
    },
    "resistance" : {
        "x" : 0.000000,
        "y" : 0.000000,
        "z" : 0.000000
    },
    "endScale" : {
        "x" : 0.000000,
        "y" : 0.000000,
        "z" : 0.000000
    },
    "gravity" : {
        "x" : 0.000000,
        "y" : 0.000000,
        "z" : 0.000000
    },
    "scaleDelayTime" : -0.110000,
    "particleLifeTime" : 1.800000,
    "emitNum" : 10,
    "enableRandomEmit" : false,
    "beginPosition" : {
        "x" : -0.200000,
        "y" : -0.200000,
        "z" : -0.200000
    },
    "endPosition" : {
        "x" : 0.200000,
        "y" : 0.200000,
        "z" : 0.200000
    },
    "emitPositionFixed" : {
        "x" : 0.000000,
        "y" : 0.000000,
        "z" : 0.000000
    },
    "enableRandomVelocity" : true,
    "velocityRandomRangeEnd" : {
        "x" : 1.000000,
        "y" : 0.000000,
        "z" : 1.000000
    },
    "velocityFixed" : {
        "x" : 0.000000,
        "y" : 0.000000,
        "z" : 0.000000
    },
    "beginColor" : {
        "r" : 0.811765,
        "b" : 0.000000,
        "g" : 0.000000,
        "a" : 1.000000
    },
    "endColor" : {
        "r" : 0.811765,
        "b" : 0.000000,
        "g" : 0.000000,
        "a" : 1.000000
    },
    "alphaDeltaValue" : 0.000000
}