{
    "alphaDeltaValue" : 0.000000,
    "beginColor" : {
        "a" : 1.000000,
        "b" : 0.000000,
        "g" : 0.000000,
        "r" : 0.976471
    },
    "beginPosition" : {
        "x" : 0.000000,
        "y" : 0.000000,
        "z" : 0.000000
    },
    "emitInterval" : 0.000000,
    "emitNum" : 5,
    "emitPositionFixed" : {
        "x" : 0.000000,
        "y" : 0.000000,
        "z" : 0.000000
    },
    "emitterLifeTime" : 1.500000,
    "emitterName" : "Firework",
    "enableRandomEmit" : false,
    "enableRandomVelocity" : true,
    "endColor" : {
        "a" : 0.000000,
        "b" : 0.000000,
        "g" : 0.000000,
        "r" : 0.474510
    },
    "endPosition" : {
        "x" : 0.000000,
        "y" : 5.000000,
        "z" : 0.000000
    },
    "endScale" : {
        "x" : 0.300000,
        "y" : 0.300000,
        "z" : 0.300000
    },
    "gravity" : {
        "x" : 0.000000,
        "y" : 0.000000,
        "z" : 0.000000
    },
    "particleLifeTime" : 1.300000,
    "resistance" : {
        "x" : 0.000000,
        "y" : 0.000000,
        "z" : 0.000000
    },
    "scaleDelayTime" : 0.000000,
    "startScale" : {
        "x" : 0.300000,
        "y" : 0.300000,
        "z" : 0.300000
    },
    "velocityFixed" : {
        "x" : 0.000000,
        "y" : 1.000000,
        "z" : 0.000000
    },
    "velocityRandomRangeBegin" : {
        "x" : -5.000000,
        "y" : -5.000000,
        "z" : -5.000000
    },
    "velocityRandomRangeEnd" : {
        "x" : 5.000000,
        "y" : 5.000000,
        "z" : 5.000000
    }
}