{
    "alphaDeltaValue" : 0.000000,
    "beginColor" : {
        "a" : 1.000000,
        "b" : 0.894118,
        "g" : 0.894118,
        "r" : 0.894118
    },
    "beginPosition" : {
        "x" : -1.000000,
        "y" : -1.000000,
        "z" : -1.000000
    },
    "emitInterval" : 0.020000,
    "emitNum" : 50,
    "emitPositionFixed" : {
        "x" : -6.437049,
        "y" : 0.500000,
        "z" : 3.921515
    },
    "emitterLifeTime" : 0.000000,
    "emitterName" : "Shot",
    "enableRandomEmit" : true,
    "enableRandomVelocity" : true,
    "endColor" : {
        "a" : 0.000000,
        "b" : 0.364706,
        "g" : 0.364706,
        "r" : 0.364706
    },
    "endPosition" : {
        "x" : 1.000000,
        "y" : 1.000000,
        "z" : 1.000000
    },
    "endScale" : {
        "x" : 1.000000,
        "y" : 1.000000,
        "z" : 1.000000
    },
    "gravity" : {
        "x" : 0.000000,
        "y" : 0.000000,
        "z" : 0.000000
    },
    "particleLifeTime" : 2.000000,
    "resistance" : {
        "x" : 0.750000,
        "y" : 0.000000,
        "z" : 0.000000
    },
    "scaleDelayTime" : 0.000000,
    "startScale" : {
        "x" : 0.000000,
        "y" : 0.000000,
        "z" : 0.000000
    },
    "velocityFixed" : {
        "x" : 0.000000,
        "y" : 1.000000,
        "z" : 0.000000
    },
    "velocityRandomRangeBegin" : {
        "x" : 0.330000,
        "y" : 0.800000,
        "z" : -0.300000
    },
    "velocityRandomRangeEnd" : {
        "x" : 0.020000,
        "y" : 0.600000,
        "z" : 0.300000
    }
}